{"count":1,"self":298.7752192,"total":1221.2384475,"children":{"InitializeActuators":{"count":72,"self":0.0019986,"total":0.0019986,"children":null},"InitializeSensors":{"count":72,"self":0.0019938,"total":0.0019938,"children":null},"AgentSendState":{"count":195019,"self":44.053855999999996,"total":67.1216754,"children":{"CollectObservations":{"count":2808288,"self":3.6246088,"total":3.6246085999999997,"children":null},"WriteActionMask":{"count":2808288,"self":0.4703292,"total":0.4703292,"children":null},"RequestDecision":{"count":2808288,"self":2.3789694,"total":18.972880099999998,"children":{"AgentInfo.ToProto":{"count":2808288,"self":1.6654269,"total":16.5939107,"children":{"GenerateSensorData":{"count":2808288,"self":12.1308832,"total":14.928483799999999,"children":{"RayPerceptionSensor.Perceive":{"count":2808288,"self":2.7976004,"total":2.7976004,"children":null}}}}}}}}},"DecideAction":{"count":195019,"self":823.80226559999994,"total":823.8022526,"children":null},"AgentAct":{"count":195019,"self":31.523350399999998,"total":31.5353127,"children":{"AgentInfo.ToProto":{"count":2808,"self":0.0009972,"total":0.0119616,"children":{"GenerateSensorData":{"count":2808,"self":0.0069809999999999994,"total":0.0109644,"children":{"RayPerceptionSensor.Perceive":{"count":2808,"self":0.0039834,"total":0.0039834,"children":null}}}}}}}},"gauges":{"VR_FPS.CumulativeReward":{"count":2808,"max":-50.49754,"min":-173.398361,"runningAverage":-60.0878067,"value":-54.5971222,"weightedAverage":-66.4757462}},"metadata":{"timer_format_version":"0.1.0","start_time_seconds":"1712552968","unity_version":"2022.3.10f1","command_line_arguments":"E:\\UnityHub\\Editor\\2022.3.10f1\\Editor\\Unity.exe -projectpath E:\\Unity Projects\\VR-Game\\VR-Game -useHub -hubIPC -cloudEnvironment production","communication_protocol_version":"1.5.0","com.unity.ml-agents_version":"2.3.0-exp.3","scene_name":"AI_Training","end_time_seconds":"1712554189"}}